id,name,mobile
EMP0001,Participant 0001,0800000001
EMP0002,Participant 0002,0800000002
EMP0003,Participant 0003,0800000003
EMP0004,Participant 0004,0800000004
EMP0005,Participant 0005,0800000005
EMP0006,Participant 0006,0800000006
EMP0007,Participant 0007,0800000007
EMP0008,Participant 0008,0800000008
EMP0009,Participant 0009,0800000009
EMP0010,Participant 0010,0800000010
EMP0011,Participant 0011,0800000011
EMP0012,Participant 0012,0800000012
EMP0013,Participant 0013,0800000013
EMP0014,Participant 0014,0800000014
EMP0015,Participant 0015,0800000015
EMP0016,Participant 0016,0800000016
EMP0017,Participant 0017,0800000017
EMP0018,Participant 0018,0800000018
EMP0019,Participant 0019,0800000019
EMP0020,Participant 0020,0800000020
EMP0021,Participant 0021,0800000021
EMP0022,Participant 0022,0800000022
EMP0023,Participant 0023,0800000023
EMP0024,Participant 0024,0800000024
EMP0025,Participant 0025,0800000025
EMP0026,Participant 0026,0800000026
EMP0027,Participant 0027,0800000027
EMP0028,Participant 0028,0800000028
EMP0029,Participant 0029,0800000029
EMP0030,Participant 0030,0800000030
EMP0031,Participant 0031,0800000031
EMP0032,Participant 0032,0800000032
EMP0033,Participant 0033,0800000033
EMP0034,Participant 0034,0800000034
EMP0035,Participant 0035,0800000035
EMP0036,Participant 0036,0800000036
EMP0037,Participant 0037,0800000037
EMP0038,Participant 0038,0800000038
EMP0039,Participant 0039,0800000039
EMP0040,Participant 0040,0800000040
EMP0041,Participant 0041,0800000041
EMP0042,Participant 0042,0800000042
EMP0043,Participant 0043,0800000043
EMP0044,Participant 0044,0800000044
EMP0045,Participant 0045,0800000045
EMP0046,Participant 0046,0800000046
EMP0047,Participant 0047,0800000047
EMP0048,Participant 0048,0800000048
EMP0049,Participant 0049,0800000049
EMP0050,Participant 0050,0800000050
EMP0051,Participant 0051,0800000051
EMP0052,Participant 0052,0800000052
EMP0053,Participant 0053,0800000053
EMP0054,Participant 0054,0800000054
EMP0055,Participant 0055,0800000055
EMP0056,Participant 0056,0800000056
EMP0057,Participant 0057,0800000057
EMP0058,Participant 0058,0800000058
EMP0059,Participant 0059,0800000059
EMP0060,Participant 0060,0800000060
EMP0061,Participant 0061,0800000061
EMP0062,Participant 0062,0800000062
EMP0063,Participant 0063,0800000063
EMP0064,Participant 0064,0800000064
EMP0065,Participant 0065,0800000065
EMP0066,Participant 0066,0800000066
EMP0067,Participant 0067,0800000067
EMP0068,Participant 0068,0800000068
EMP0069,Participant 0069,0800000069
EMP0070,Participant 0070,0800000070
EMP0071,Participant 0071,0800000071
EMP0072,Participant 0072,0800000072
EMP0073,Participant 0073,0800000073
EMP0074,Participant 0074,0800000074
EMP0075,Participant 0075,0800000075
EMP0076,Participant 0076,0800000076
EMP0077,Participant 0077,0800000077
EMP0078,Participant 0078,0800000078
EMP0079,Participant 0079,0800000079
EMP0080,Participant 0080,0800000080
EMP0081,Participant 0081,0800000081
EMP0082,Participant 0082,0800000082
EMP0083,Participant 0083,0800000083
EMP0084,Participant 0084,0800000084
EMP0085,Participant 0085,0800000085
EMP0086,Participant 0086,0800000086
EMP0087,Participant 0087,0800000087
EMP0088,Participant 0088,0800000088
EMP0089,Participant 0089,0800000089
EMP0090,Participant 0090,0800000090
EMP0091,Participant 0091,0800000091
EMP0092,Participant 0092,0800000092
EMP0093,Participant 0093,0800000093
EMP0094,Participant 0094,0800000094
EMP0095,Participant 0095,0800000095
EMP0096,Participant 0096,0800000096
EMP0097,Participant 0097,0800000097
EMP0098,Participant 0098,0800000098
EMP0099,Participant 0099,0800000099
EMP0100,Participant 0100,0800000100
EMP0101,Participant 0101,0800000101
EMP0102,Participant 0102,0800000102
EMP0103,Participant 0103,0800000103
EMP0104,Participant 0104,0800000104
EMP0105,Participant 0105,0800000105
EMP0106,Participant 0106,0800000106
EMP0107,Participant 0107,0800000107
EMP0108,Participant 0108,0800000108
EMP0109,Participant 0109,0800000109
EMP0110,Participant 0110,0800000110
EMP0111,Participant 0111,0800000111
EMP0112,Participant 0112,0800000112
EMP0113,Participant 0113,0800000113
EMP0114,Participant 0114,0800000114
EMP0115,Participant 0115,0800000115
EMP0116,Participant 0116,0800000116
EMP0117,Participant 0117,0800000117
EMP0118,Participant 0118,0800000118
EMP0119,Participant 0119,0800000119
EMP0120,Participant 0120,0800000120
EMP0121,Participant 0121,0800000121
EMP0122,Participant 0122,0800000122
EMP0123,Participant 0123,0800000123
EMP0124,Participant 0124,0800000124
EMP0125,Participant 0125,0800000125
EMP0126,Participant 0126,0800000126
EMP0127,Participant 0127,0800000127
EMP0128,Participant 0128,0800000128
EMP0129,Participant 0129,0800000129
EMP0130,Participant 0130,0800000130
EMP0131,Participant 0131,0800000131
EMP0132,Participant 0132,0800000132
EMP0133,Participant 0133,0800000133
EMP0134,Participant 0134,0800000134
EMP0135,Participant 0135,0800000135
EMP0136,Participant 0136,0800000136
EMP0137,Participant 0137,0800000137
EMP0138,Participant 0138,0800000138
EMP0139,Participant 0139,0800000139
EMP0140,Participant 0140,0800000140
EMP0141,Participant 0141,0800000141
EMP0142,Participant 0142,0800000142
EMP0143,Participant 0143,0800000143
EMP0144,Participant 0144,0800000144
EMP0145,Participant 0145,0800000145
EMP0146,Participant 0146,0800000146
EMP0147,Participant 0147,0800000147
EMP0148,Participant 0148,0800000148
EMP0149,Participant 0149,0800000149
EMP0150,Participant 0150,0800000150
EMP0151,Participant 0151,0800000151
EMP0152,Participant 0152,0800000152
EMP0153,Participant 0153,0800000153
EMP0154,Participant 0154,0800000154
EMP0155,Participant 0155,0800000155
EMP0156,Participant 0156,0800000156
EMP0157,Participant 0157,0800000157
EMP0158,Participant 0158,0800000158
EMP0159,Participant 0159,0800000159
EMP0160,Participant 0160,0800000160
EMP0161,Participant 0161,0800000161
EMP0162,Participant 0162,0800000162
EMP0163,Participant 0163,0800000163
EMP0164,Participant 0164,0800000164
EMP0165,Participant 0165,0800000165
EMP0166,Participant 0166,0800000166
EMP0167,Participant 0167,0800000167
EMP0168,Participant 0168,0800000168
EMP0169,Participant 0169,0800000169
EMP0170,Participant 0170,0800000170
EMP0171,Participant 0171,0800000171
EMP0172,Participant 0172,0800000172
EMP0173,Participant 0173,0800000173
EMP0174,Participant 0174,0800000174
EMP0175,Participant 0175,0800000175
EMP0176,Participant 0176,0800000176
EMP0177,Participant 0177,0800000177
EMP0178,Participant 0178,0800000178
EMP0179,Participant 0179,0800000179
EMP0180,Participant 0180,0800000180
EMP0181,Participant 0181,0800000181
EMP0182,Participant 0182,0800000182
EMP0183,Participant 0183,0800000183
EMP0184,Participant 0184,0800000184
EMP0185,Participant 0185,0800000185
EMP0186,Participant 0186,0800000186
EMP0187,Participant 0187,0800000187
EMP0188,Participant 0188,0800000188
EMP0189,Participant 0189,0800000189
EMP0190,Participant 0190,0800000190
EMP0191,Participant 0191,0800000191
EMP0192,Participant 0192,0800000192
EMP0193,Participant 0193,0800000193
EMP0194,Participant 0194,0800000194
EMP0195,Participant 0195,0800000195
EMP0196,Participant 0196,0800000196
EMP0197,Participant 0197,0800000197
EMP0198,Participant 0198,0800000198
EMP0199,Participant 0199,0800000199
EMP0200,Participant 0200,0800000200
EMP0201,Participant 0201,0800000201
EMP0202,Participant 0202,0800000202
EMP0203,Participant 0203,0800000203
EMP0204,Participant 0204,0800000204
EMP0205,Participant 0205,0800000205
EMP0206,Participant 0206,0800000206
EMP0207,Participant 0207,0800000207
EMP0208,Participant 0208,0800000208
EMP0209,Participant 0209,0800000209
EMP0210,Participant 0210,0800000210
EMP0211,Participant 0211,0800000211
EMP0212,Participant 0212,0800000212
EMP0213,Participant 0213,0800000213
EMP0214,Participant 0214,0800000214
EMP0215,Participant 0215,0800000215
EMP0216,Participant 0216,0800000216
EMP0217,Participant 0217,0800000217
EMP0218,Participant 0218,0800000218
EMP0219,Participant 0219,0800000219
EMP0220,Participant 0220,0800000220
EMP0221,Participant 0221,0800000221
EMP0222,Participant 0222,0800000222
EMP0223,Participant 0223,0800000223
EMP0224,Participant 0224,0800000224
EMP0225,Participant 0225,0800000225
EMP0226,Participant 0226,0800000226
EMP0227,Participant 0227,0800000227
EMP0228,Participant 0228,0800000228
EMP0229,Participant 0229,0800000229
EMP0230,Participant 0230,0800000230
EMP0231,Participant 0231,0800000231
EMP0232,Participant 0232,0800000232
EMP0233,Participant 0233,0800000233
EMP0234,Participant 0234,0800000234
EMP0235,Participant 0235,0800000235
EMP0236,Participant 0236,0800000236
EMP0237,Participant 0237,0800000237
EMP0238,Participant 0238,0800000238
EMP0239,Participant 0239,0800000239
EMP0240,Participant 0240,0800000240
EMP0241,Participant 0241,0800000241
EMP0242,Participant 0242,0800000242
EMP0243,Participant 0243,0800000243
EMP0244,Participant 0244,0800000244
EMP0245,Participant 0245,0800000245
EMP0246,Participant 0246,0800000246
EMP0247,Participant 0247,0800000247
EMP0248,Participant 0248,0800000248
EMP0249,Participant 0249,0800000249
EMP0250,Participant 0250,0800000250
EMP0251,Participant 0251,0800000251
EMP0252,Participant 0252,0800000252
EMP0253,Participant 0253,0800000253
EMP0254,Participant 0254,0800000254
EMP0255,Participant 0255,0800000255
EMP0256,Participant 0256,0800000256
EMP0257,Participant 0257,0800000257
EMP0258,Participant 0258,0800000258
EMP0259,Participant 0259,0800000259
EMP0260,Participant 0260,0800000260
EMP0261,Participant 0261,0800000261
EMP0262,Participant 0262,0800000262
EMP0263,Participant 0263,0800000263
EMP0264,Participant 0264,0800000264
EMP0265,Participant 0265,0800000265
EMP0266,Participant 0266,0800000266
EMP0267,Participant 0267,0800000267
EMP0268,Participant 0268,0800000268
EMP0269,Participant 0269,0800000269
EMP0270,Participant 0270,0800000270
EMP0271,Participant 0271,0800000271
EMP0272,Participant 0272,0800000272
EMP0273,Participant 0273,0800000273
EMP0274,Participant 0274,0800000274
EMP0275,Participant 0275,0800000275
EMP0276,Participant 0276,0800000276
EMP0277,Participant 0277,0800000277
EMP0278,Participant 0278,0800000278
EMP0279,Participant 0279,0800000279
EMP0280,Participant 0280,0800000280
EMP0281,Participant 0281,0800000281
EMP0282,Participant 0282,0800000282
EMP0283,Participant 0283,0800000283
EMP0284,Participant 0284,0800000284
EMP0285,Participant 0285,0800000285
EMP0286,Participant 0286,0800000286
EMP0287,Participant 0287,0800000287
EMP0288,Participant 0288,0800000288
EMP0289,Participant 0289,0800000289
EMP0290,Participant 0290,0800000290
EMP0291,Participant 0291,0800000291
EMP0292,Participant 0292,0800000292
EMP0293,Participant 0293,0800000293
EMP0294,Participant 0294,0800000294
EMP0295,Participant 0295,0800000295
EMP0296,Participant 0296,0800000296
EMP0297,Participant 0297,0800000297
EMP0298,Participant 0298,0800000298
EMP0299,Participant 0299,0800000299
EMP0300,Participant 0300,0800000300
EMP0301,Participant 0301,0800000301
EMP0302,Participant 0302,0800000302
EMP0303,Participant 0303,0800000303
EMP0304,Participant 0304,0800000304
EMP0305,Participant 0305,0800000305
EMP0306,Participant 0306,0800000306
EMP0307,Participant 0307,0800000307
EMP0308,Participant 0308,0800000308
EMP0309,Participant 0309,0800000309
EMP0310,Participant 0310,0800000310
EMP0311,Participant 0311,0800000311
EMP0312,Participant 0312,0800000312
EMP0313,Participant 0313,0800000313
EMP0314,Participant 0314,0800000314
EMP0315,Participant 0315,0800000315
EMP0316,Participant 0316,0800000316
EMP0317,Participant 0317,0800000317
EMP0318,Participant 0318,0800000318
EMP0319,Participant 0319,0800000319
EMP0320,Participant 0320,0800000320
EMP0321,Participant 0321,0800000321
EMP0322,Participant 0322,0800000322
EMP0323,Participant 0323,0800000323
EMP0324,Participant 0324,0800000324
EMP0325,Participant 0325,0800000325
EMP0326,Participant 0326,0800000326
EMP0327,Participant 0327,0800000327
EMP0328,Participant 0328,0800000328
EMP0329,Participant 0329,0800000329
EMP0330,Participant 0330,0800000330
EMP0331,Participant 0331,0800000331
EMP0332,Participant 0332,0800000332
EMP0333,Participant 0333,0800000333
EMP0334,Participant 0334,0800000334
EMP0335,Participant 0335,0800000335
EMP0336,Participant 0336,0800000336
EMP0337,Participant 0337,0800000337
EMP0338,Participant 0338,0800000338
EMP0339,Participant 0339,0800000339
EMP0340,Participant 0340,0800000340
EMP0341,Participant 0341,0800000341
EMP0342,Participant 0342,0800000342
EMP0343,Participant 0343,0800000343
EMP0344,Participant 0344,0800000344
EMP0345,Participant 0345,0800000345
EMP0346,Participant 0346,0800000346
EMP0347,Participant 0347,0800000347
EMP0348,Participant 0348,0800000348
EMP0349,Participant 0349,0800000349
EMP0350,Participant 0350,0800000350
EMP0351,Participant 0351,0800000351
EMP0352,Participant 0352,0800000352
EMP0353,Participant 0353,0800000353
EMP0354,Participant 0354,0800000354
EMP0355,Participant 0355,0800000355
EMP0356,Participant 0356,0800000356
EMP0357,Participant 0357,0800000357
EMP0358,Participant 0358,0800000358
EMP0359,Participant 0359,0800000359
EMP0360,Participant 0360,0800000360
EMP0361,Participant 0361,0800000361
EMP0362,Participant 0362,0800000362
EMP0363,Participant 0363,0800000363
EMP0364,Participant 0364,0800000364
EMP0365,Participant 0365,0800000365
EMP0366,Participant 0366,0800000366
EMP0367,Participant 0367,0800000367
EMP0368,Participant 0368,0800000368
EMP0369,Participant 0369,0800000369
EMP0370,Participant 0370,0800000370
EMP0371,Participant 0371,0800000371
EMP0372,Participant 0372,0800000372
EMP0373,Participant 0373,0800000373
EMP0374,Participant 0374,0800000374
EMP0375,Participant 0375,0800000375
EMP0376,Participant 0376,0800000376
EMP0377,Participant 0377,0800000377
EMP0378,Participant 0378,0800000378
EMP0379,Participant 0379,0800000379
EMP0380,Participant 0380,0800000380
EMP0381,Participant 0381,0800000381
EMP0382,Participant 0382,0800000382
EMP0383,Participant 0383,0800000383
EMP0384,Participant 0384,0800000384
EMP0385,Participant 0385,0800000385
EMP0386,Participant 0386,0800000386
EMP0387,Participant 0387,0800000387
EMP0388,Participant 0388,0800000388
EMP0389,Participant 0389,0800000389
EMP0390,Participant 0390,0800000390
EMP0391,Participant 0391,0800000391
EMP0392,Participant 0392,0800000392
EMP0393,Participant 0393,0800000393
EMP0394,Participant 0394,0800000394
EMP0395,Participant 0395,0800000395
EMP0396,Participant 0396,0800000396
EMP0397,Participant 0397,0800000397
EMP0398,Participant 0398,0800000398
EMP0399,Participant 0399,0800000399
EMP0400,Participant 0400,0800000400
EMP0401,Participant 0401,0800000401
EMP0402,Participant 0402,0800000402
EMP0403,Participant 0403,0800000403
EMP0404,Participant 0404,0800000404
EMP0405,Participant 0405,0800000405
EMP0406,Participant 0406,0800000406
EMP0407,Participant 0407,0800000407
EMP0408,Participant 0408,0800000408
EMP0409,Participant 0409,0800000409
EMP0410,Participant 0410,0800000410
EMP0411,Participant 0411,0800000411
EMP0412,Participant 0412,0800000412
EMP0413,Participant 0413,0800000413
EMP0414,Participant 0414,0800000414
EMP0415,Participant 0415,0800000415
EMP0416,Participant 0416,0800000416
EMP0417,Participant 0417,0800000417
EMP0418,Participant 0418,0800000418
EMP0419,Participant 0419,0800000419
EMP0420,Participant 0420,0800000420
EMP0421,Participant 0421,0800000421
EMP0422,Participant 0422,0800000422
EMP0423,Participant 0423,0800000423
EMP0424,Participant 0424,0800000424
EMP0425,Participant 0425,0800000425
EMP0426,Participant 0426,0800000426
EMP0427,Participant 0427,0800000427
EMP0428,Participant 0428,0800000428
EMP0429,Participant 0429,0800000429
EMP0430,Participant 0430,0800000430
EMP0431,Participant 0431,0800000431
EMP0432,Participant 0432,0800000432
EMP0433,Participant 0433,0800000433
EMP0434,Participant 0434,0800000434
EMP0435,Participant 0435,0800000435
EMP0436,Participant 0436,0800000436
EMP0437,Participant 0437,0800000437
EMP0438,Participant 0438,0800000438
EMP0439,Participant 0439,0800000439
EMP0440,Participant 0440,0800000440
EMP0441,Participant 0441,0800000441
EMP0442,Participant 0442,0800000442
EMP0443,Participant 0443,0800000443
EMP0444,Participant 0444,0800000444
EMP0445,Participant 0445,0800000445
EMP0446,Participant 0446,0800000446
EMP0447,Participant 0447,0800000447
EMP0448,Participant 0448,0800000448
EMP0449,Participant 0449,0800000449
EMP0450,Participant 0450,0800000450
EMP0451,Participant 0451,0800000451
EMP0452,Participant 0452,0800000452
EMP0453,Participant 0453,0800000453
EMP0454,Participant 0454,0800000454
EMP0455,Participant 0455,0800000455
EMP0456,Participant 0456,0800000456
EMP0457,Participant 0457,0800000457
EMP0458,Participant 0458,0800000458
EMP0459,Participant 0459,0800000459
EMP0460,Participant 0460,0800000460
EMP0461,Participant 0461,0800000461
EMP0462,Participant 0462,0800000462
EMP0463,Participant 0463,0800000463
EMP0464,Participant 0464,0800000464
EMP0465,Participant 0465,0800000465
EMP0466,Participant 0466,0800000466
EMP0467,Participant 0467,0800000467
EMP0468,Participant 0468,0800000468
EMP0469,Participant 0469,0800000469
EMP0470,Participant 0470,0800000470
EMP0471,Participant 0471,0800000471
EMP0472,Participant 0472,0800000472
EMP0473,Participant 0473,0800000473
EMP0474,Participant 0474,0800000474
EMP0475,Participant 0475,0800000475
EMP0476,Participant 0476,0800000476
EMP0477,Participant 0477,0800000477
EMP0478,Participant 0478,0800000478
EMP0479,Participant 0479,0800000479
EMP0480,Participant 0480,0800000480
EMP0481,Participant 0481,0800000481
EMP0482,Participant 0482,0800000482
EMP0483,Participant 0483,0800000483
EMP0484,Participant 0484,0800000484
EMP0485,Participant 0485,0800000485
EMP0486,Participant 0486,0800000486
EMP0487,Participant 0487,0800000487
EMP0488,Participant 0488,0800000488
EMP0489,Participant 0489,0800000489
EMP0490,Participant 0490,0800000490
EMP0491,Participant 0491,0800000491
EMP0492,Participant 0492,0800000492
EMP0493,Participant 0493,0800000493
EMP0494,Participant 0494,0800000494
EMP0495,Participant 0495,0800000495
EMP0496,Participant 0496,0800000496
EMP0497,Participant 0497,0800000497
EMP0498,Participant 0498,0800000498
EMP0499,Participant 0499,0800000499
EMP0500,Participant 0500,0800000500
